Glass Type,B1,B2,B3,C1,C2,C3
 1.55,0.549,0,0,0,0,0
 1.64,0.64,0,0,0,0,0
 BK7,1.03961212,0.231792344,1.01046945,0.00600069867,0.0200179144,103.560653
 N-SF66 ,2.0245976,0.470187196,2.59970433,0.0147053225,0.0692998276,161.817601
 P-SF68 ,2.3330067,0.452961396,1.25172339,0.0168838419,0.0716086325,118.707479
 P-SF67 ,1.97464225,0.467095921,2.43154209,0.0145772324,0.0669790359,157.444895
 N-SF57 ,1.87543831,0.37375749,2.30001797,0.0141749518,0.0640509927,177.389795
 N-SF57HT ,1.87543831,0.37375749,2.30001797,0.0141749518,0.0640509927,177.389795
 N-SF57HTultra ,1.87543831,0.37375749,2.30001797,0.0141749518,0.0640509927,177.389795
 SF57 ,1.81651371,0.428893641,1.07186278,0.0143704198,0.0592801172,121.419942
 SF57HTultra ,1.81651371,0.428893641,1.07186278,0.0143704198,0.0592801172,121.419942
 N-SF6 ,1.77931763,0.338149866,2.08734474,0.0133714182,0.0617533621,174.01759
 N-SF6HT ,1.77931763,0.338149866,2.08734474,0.0133714182,0.0617533621,174.01759
 N-SF6HTultra ,1.77931763,0.338149866,2.08734474,0.0133714182,0.0617533621,174.01759
 SF6 ,1.72448482,0.390104889,1.04572858,0.0134871947,0.0569318095,118.557185
 SF6HT ,1.72448482,0.390104889,1.04572858,0.0134871947,0.0569318095,118.557185
 N-SF11 ,1.73759695,0.313747346,1.89878101,0.013188707,0.0623068142,155.23629
 SF11 ,1.73848403,0.311168974,1.17490871,0.0136068604,0.0615960463,121.922711
 SF56A ,1.70579259,0.344223052,1.09601828,0.0133874699,0.0579561608,121.616024
 N-SF14 ,1.69022361,0.288870052,1.7045187,0.0130512113,0.061369188,149.517689
 N-SF4 ,1.67780282,0.282849893,1.63539276,0.012679345,0.0602038419,145.760496
 SF4 ,1.61957826,0.339493189,1.02566931,0.0125502104,0.0544559822,117.652222
 SF10 ,1.61625977,0.259229334,1.07762317,0.0127534559,0.0581983954,116.60768
 N-SF10 ,1.62153902,0.256287842,1.64447552,0.0122241457,0.0595736775,147.468793
 LASF35 ,2.45505861,0.453006077,2.3851308,0.0135670404,0.054580302,167.904715
 P-SF69 ,1.62594647,0.235927609,1.67434623,0.0121696677,0.0600710405,145.651908
 SF1 ,1.55912923,0.284246288,0.968842926,0.0121481001,0.0534549042,112.174809
 N-SF1 ,1.60865158,0.237725916,1.51530653,0.0119654879,0.0590589722,135.521676
 N-SF15 ,1.57055634,0.218987094,1.50824017,0.0116507014,0.0597856897,132.709339
 P-SF8 ,1.55370411,0.206332561,1.39708831,0.011658267,0.0582087757,130.748028
 N-SF8 ,1.55075812,0.209816918,1.46205491,0.0114338344,0.0582725652,133.24165
 N-LASF46A ,2.16701566,0.319812761,1.66004486,0.0123595524,0.0560610282,107.047718
 N-LASF46B ,2.17988922,0.306495184,1.56882437,0.0125805384,0.0567191367,105.316538
 N-LASF9 ,2.00029547,0.298926886,1.80691843,0.0121426017,0.0538736236,156.530829
 N-LASF9HT ,2.00029547,0.298926886,1.80691843,0.0121426017,0.0538736236,156.530829
 SF5 ,1.46141885,0.247713019,0.949995832,0.0111826126,0.0508594669,112.041888
 N-SF5 ,1.52481889,0.187085527,1.42729015,0.011254756,0.0588995392,129.141675
 N-SF2 ,1.47343127,0.163681849,1.36920899,0.0109019098,0.0585683687,127.404933
 SF2 ,1.40301821,0.231767504,0.939056586,0.0105795466,0.0493226978,112.405955
 N-KZFS8 ,1.62693651,0.24369876,1.62007141,0.010880863,0.0494207753,131.009163
 N-LAF7 ,1.74028764,0.226710554,1.32525548,0.010792558,0.0538626639,106.268665
 LAFN7 ,1.66842615,0.298512803,1.0774376,0.0103159999,0.0469216348,82.5078509
 N-LASF45 ,1.87140198,0.267777879,1.73030008,0.011217192,0.0505134972,147.106505
 N-LASF45HT ,1.87140198,0.267777879,1.73030008,0.011217192,0.0505134972,147.106505
 N-BASF2 ,1.53652081,0.156971102,1.30196815,0.0108435729,0.0562278762,131.3397
 F2 ,1.34533359,0.209073176,0.937357162,0.00997743871,0.0470450767,111.886764
 F2HT ,1.34533359,0.209073176,0.937357162,0.00997743871,0.0470450767,111.886764
 N-F2 ,1.39757037,0.159201403,1.2686543,0.00995906143,0.0546931752,119.248346
 N-LASF40 ,1.98550331,0.274057042,1.28945661,0.010958331,0.0474551603,96.9085286
 F5 ,1.3104463,0.19603426,0.96612977,0.00958633048,0.0457627627,115.011883
 N-BASF64 ,1.65554268,0.17131977,1.33664448,0.0104485644,0.0499394756,118.961472
 N-KZFS5 ,1.47460789,0.193584488,1.26589974,0.00986143816,0.0445477583,106.436258
 P-LASF50 ,1.84910553,0.329828674,1.30400901,0.00999234757,0.0387437988,95.8967681
 N-LASF43 ,1.93502827,0.23662935,1.26291344,0.0104001413,0.0447505292,87.437569
 N-LASF31A ,1.96485075,0.475231259,1.48360109,0.00982060155,0.0344713438,110.739863
 LF5 ,1.28035628,0.163505973,0.893930112,0.00929854416,0.0449135769,110.493685
 LF5HTi ,1.28552924,0.158357622,0.892175122,0.0093988626,0.0452566659,110.544829
 P-LASF47 ,1.85543101,0.315854649,1.28561839,0.0100328203,0.0387095168,94.5421507
 P-LASF51 ,1.84568806,0.3390016,1.32418921,0.00988495571,0.0378097402,97.841543
 N-KZFS11 ,1.3322245,0.28924161,1.15161734,0.0084029848,0.034423972,88.4310532
 N-LASF41 ,1.86348331,0.413307255,1.35784815,0.00910368219,0.0339247268,93.3580595
 N-BAF4 ,1.42056328,0.102721269,1.14380976,0.00942015382,0.0531087291,110.278856
 N-LAF33 ,1.79653417,0.311577903,1.15981863,0.00927313493,0.0358201181,87.3448712
 N-KZFS4 ,1.35055424,0.197575506,1.09962992,0.0087628207,0.0371767201,90.3866994
 N-KZFS4HT ,1.35055424,0.197575506,1.09962992,0.0087628207,0.0371767201,90.3866994
 N-LAF2 ,1.80984227,0.15729555,1.0930037,0.0101711622,0.0442431765,100.687748
 N-BAF51 ,1.51503623,0.153621958,1.15427909,0.00942734715,0.04308265,124.889868
 P-LAF37 ,1.76003244,0.248286745,1.15935122,0.00938006396,0.0360537464,86.4324693
 LLF1 ,1.21640125,0.13366454,0.883399468,0.00857807248,0.0420143003,107.59306
 LLF1HTi ,1.22510445,0.125155671,0.892236751,0.00870432098,0.0427325235,108.049968
 N-LASF44 ,1.78897105,0.38675867,1.30506243,0.00872506277,0.0308085023,92.7743824
 N-BAF52 ,1.43903433,0.0967046052,1.09875818,0.00907800128,0.050821208,105.691856
 N-BAF10 ,1.5851495,0.143559385,1.08521269,0.00926681282,0.0424489805,105.613573
 N-LAF21 ,1.87134529,0.25078301,1.22048639,0.0093332228,0.0345637762,83.2404866
 N-LAF35 ,1.51697436,0.455875464,1.07469242,0.00750943203,0.0260046715,80.5945159
 N-LAF34 ,1.75836958,0.313537785,1.18925231,0.00872810026,0.0293020832,85.1780644
 N-SSK8 ,1.44857867,0.117965926,1.06937528,0.00869310149,0.0421566593,111.300666
 N-LAK10 ,1.72878017,0.169257825,1.19386956,0.00886014635,0.0363416509,82.9009069
 N-SSK5 ,1.59222659,0.103520774,1.05174016,0.00920284626,0.0423530072,106.927374
 N-KF9 ,1.19286778,0.0893346571,0.920819805,0.00839154696,0.0404010786,112.572446
 N-LAK33A ,1.44116999,0.571749501,1.16605226,0.00680933877,0.0222291824,80.9379555
 N-LAK33B ,1.42288601,0.593661336,1.1613526,0.00670283452,0.021941621,80.7407701
 P-LAK35 ,1.3932426,0.418882766,1.043807,0.00715959695,0.0233637446,88.3284426
 N-SSK2 ,1.4306027,0.153150554,1.01390904,0.00823982975,0.0333736841,106.870822
 N-BALF5 ,1.28385965,0.0719300942,1.05048927,0.00825815975,0.0441920027,107.097324
 N-LAK8 ,1.33183167,0.546623206,1.19084015,0.00620023871,0.0216465439,82.5827736
 N-BALF4 ,1.31004128,0.142038259,0.964929351,0.0079659645,0.0330672072,109.19732
 N-KZFS2 ,1.23697554,0.153569376,0.903976272,0.00747170505,0.0308053556,70.1731084
 N-LAK34 ,1.26661442,0.665919318,1.1249612,0.00589278062,0.0197509041,78.8894174
 N-LAK9 ,1.46231905,0.344399589,1.15508372,0.00724270156,0.0243353131,85.4686868
 N-LAK12 ,1.17365704,0.588992398,0.978014394,0.00577031797,0.0200401678,95.4873482
 N-LAK14 ,1.50781212,0.318866829,1.14287213,0.00746098727,0.0242024834,80.9565165
 N-LAK22 ,1.14229781,0.535138441,1.04088385,0.00585778594,0.0198546147,100.834017
 N-BAK4 ,1.28834642,0.132817724,0.945395373,0.00779980626,0.0315631177,105.965875
 N-BAK4HT ,1.28834642,0.132817724,0.945395373,0.00779980626,0.0315631177,105.965875
 N-BAK4HT ,1.28834642,0.132817724,0.945395373,0.00779980626,0.0315631177,105.965875
 K10 ,1.15687082,0.0642625444,0.872376139,0.00809424251,0.0386051284,104.74773
 N-SK2 ,1.28189012,0.257738258,0.96818604,0.0072719164,0.0242823527,110.377773
 N-SK2HT ,1.28189012,0.257738258,0.96818604,0.0072719164,0.0242823527,110.377773
 N-BAK1 ,1.12365662,0.309276848,0.881511957,0.00644742752,0.0222284402,107.297751
 P-SK60 ,1.40790442,0.143381417,1.16513947,0.00784382378,0.0287769365,105.373397
 N-LAK7 ,1.23679889,0.445051837,1.01745888,0.00610105538,0.0201388334,90.638038
 N-SK4 ,1.32993741,0.228542996,0.988465211,0.00716874107,0.0246455892,100.886364
 N-K5 ,1.08511833,0.199562005,0.930511663,0.00661099503,0.024110866,111.982777
 P-SK57Q1 ,1.30536483,0.171434328,1.10117219,0.00736408831,0.0255786047,106.72606
 P-SK57 ,1.31053414,0.169376189,1.10987714,0.00740877235,0.0254563489,107.751087
 N-BAK2 ,1.01662154,0.319903051,0.937232995,0.00592383763,0.0203828415,113.118417
 N-LAK21 ,1.22718116,0.420783743,1.01284843,0.00602075682,0.0196862889,88.4370099
 N-SK16 ,1.34317774,0.241144399,0.994317969,0.00704687339,0.0229005,92.7508526
 K7 ,1.1273555,0.124412303,0.827100531,0.00720341707,0.0269835916,100.384588
 N-SK14 ,0.936155374,0.594052018,1.04374583,0.00461716525,0.016885927,103.736265
 N-SK11 ,1.17963631,0.229817295,0.935789652,0.00680282081,0.0219737205,101.513232
 P-SK58A ,1.3167841,0.171154756,1.12501473,0.00720717498,0.0245659595,102.739728
 N-ZK7 ,1.07715032,0.168079109,0.851889892,0.00676601657,0.0230642817,89.0498778
 N-SK5 ,0.991463823,0.495982121,0.987393925,0.00522730467,0.0172733646,98.3594579
 N-PSK53A ,1.38121836,0.196745645,0.886089205,0.00706416337,0.0233251345,97.4847345
 N-PSK3 ,0.88727211,0.489592425,1.04865296,0.00469824067,0.0161818463,104.374975
 P-BK7 ,1.18318503,0.0871756426,1.03133701,0.00722141956,0.0268216805,101.702362
 N-BK7 ,1.03961212,0.231792344,1.01046945,0.00600069867,0.0200179144,103.560653
 N-BK7HT ,1.03961212,0.231792344,1.01046945,0.00600069867,0.0200179144,103.560653
 N-BK7HTi ,1.03961212,0.231792344,1.01046945,0.00600069867,0.0200179144,103.560653
 N-BK10 ,0.888308131,0.328964475,0.984610769,0.00516900822,0.0161190045,99.7575331
 N-FK5 ,0.844309338,0.344147824,0.910790213,0.00475111955,0.0149814849,97.8600293
 FK5HTi ,0.90936218,0.279077054,0.891813298,0.0052014247,0.0158938446,95.9109448
 N-PK51 ,1.15610775,0.153229344,0.785618966,0.00585597402,0.0194072416,140.537046
 N-PK52A ,1.029607,0.1880506,0.736488165,0.00516800155,0.0166658798,138.964129
 N-FK51A ,0.971247817,0.216901417,0.904651666,0.00472301995,0.0153575612,168.68133
 N-FK58 ,0.738042712,0.363371967,0.989296264,0.00339065607,0.0117551189,212.842145
S-NPH3,2.09834903,0.489088388,2.94009268,0.0179123869,0.0179123869,160.930428
S-NPH2,2.0386951,0.437269641,2.96711461,0.0170796224,0.0170796224,174.155354
S-NPH1,1.75156623,0.364006304,2.47874141,0.0135004681,0.0135004681,170.756006
S-TIH53,1.87904886,0.369719775,2.33730863,0.014412177,0.014412177,182.66818
S-TIH53W,1.87904886,0.369719775,2.33730863,0.014412177,0.063881799,182.66818
S-NPH53,1.85484904,0.396194484,2.43512461,0.0134621486,0.0134621486,170.864886
S-TIH6,1.77227611,0.34569125,2.40788501,0.0131182633,0.0131182633,200.753254
S-TIH11,1.72677471,0.324568628,2.65816809,0.0129369958,0.0129369958,221.904637
S-TIH23,1.73986485,0.313894918,2.31093206,0.01294413,0.01294413,197.420482
S-TIH14,1.68915108,0.290462024,2.37971516,0.0128202514,0.0128202514,201.094352
S-TIH4,1.66755531,0.294411865,2.49422119,0.0122052137,0.0122052137,214.869618
S-TIH13,1.62224674,0.293844589,1.99225164,0.0118368386,0.0118368386,171.959976
S-LAH79,2.32557148,0.507967133,2.43087198,0.0132895208,0.0132895208,161.122408
S-TIH3,1.64797648,0.267261917,2.19772845,0.0121917693,0.0121917693,192.15834
S-TIH10,1.61549392,0.262433239,2.09426189,0.0119830897,0.0119830897,181.657554
S-TIH18,1.59921608,0.259532164,2.12454543,0.0116469304,0.0116469304,186.927779
S-TIH1,1.60326759,0.242980935,1.81313592,0.0118019139,0.0118019139,161.218747
S-NBH55,1.83145156,0.287818024,2.152083,0.0122443139,0.0122443139,186.099124
S-TIM35,1.55849775,0.230767007,1.84436099,0.0115367235,0.0115367235,162.981888
S-TIM28,1.5427081,0.217113891,1.81904459,0.0113925005,0.0113925005,167.697189
S-LAH88,2.1284434,0.405082139,1.67918461,0.0117309815,0.0508706599,107.091456
S-TIM25,1.50659233,0.204786135,1.92036668,0.0109501562,0.0109501562,178.128535
S-NBH53,1.6582834,0.263275666,2.10142759,0.0113872516,0.0113872516,165.523649
S-LAH71,1.98280031,0.31675845,2.44472646,0.0118987459,0.0118987459,213.220697
S-TIM39,1.47008105,0.224752746,2.44968592,0.0102900432,0.0102900432,237.43494
S-TIM22,1.44222294,0.194432265,1.74092482,0.0104249404,0.0104249404,169.710769
S-TIM27,1.4168047,0.196785057,1.68001322,0.0100732158,0.0100732158,164.672436
S-NBH8,1.61344136,0.257295888,1.98364455,0.0106386752,0.0106386752,159.784404
S-LAM66,1.92094221,0.219901208,1.72705231,0.0115075241,0.0115075241,120.133674
S-FTM16,1.32940907,0.141512125,1.44299068,0.0102377287,0.0102377287,150.597139
S-LAM7,1.71014712,0.256943292,1.63986271,0.010516108,0.010516108,146.181217
S-NBH51,1.71203689,0.255989588,1.81456998,0.0107724134,0.0107724134,136.359013
S-TIM1,1.4496383,0.122986408,1.38066723,0.0112094282,0.0112094282,138.178326
PBM2Y,1.39446503,0.159230985,0.245470216,0.0110571872,0.0507194882,31.4440142
S-TIM2,1.42193846,0.133827968,1.45060574,0.0107291511,0.0107291511,145.381805
S-TIM3,1.40691144,0.128369745,1.51826191,0.0105633641,0.0105633641,152.107924
S-LAH60,1.95243469,0.30710021,1.56578094,0.0106442437,0.0106442437,110.28141
S-TIM5,1.38531342,0.122372945,1.40508326,0.0104074567,0.0104074567,144.878733
S-BAH28,1.69493484,0.192890298,1.56385948,0.010272319,0.010272319,137.818035
S-NBH52,1.50305799,0.221715926,1.84496391,0.00999021738,0.00999021738,163.722302
PBM18Y,1.34660215,0.136322343,0.183371587,0.0106313733,0.0491403013,23.9154655
S-TIM8,1.37262713,0.112636276,1.39786421,0.0103220068,0.0103220068,147.735609
PBM8Y,1.35351322,0.130212912,0.158337266,0.0105624626,0.0496606652,20.7965806
S-BAH32,1.5802363,0.137504632,1.60603298,0.0103578062,0.0103578062,147.982885
S-LAH63,1.89458276,0.268702978,1.45705526,0.0102277048,0.0102277048,104.874927
S-NBH5,1.47544521,0.193060095,1.5093901,0.0095583674,0.0095583674,126.422746
S-LAM55,1.85412979,0.165450323,1.27255422,0.0108438152,0.0108438152,109.986837
S-TIL25,1.32122534,0.123824976,1.43685254,0.00952091436,0.00952091436,149.064883
PBL25Y,1.31960626,0.123752633,0.210055351,0.0101863415,0.0483593508,27.3272029
S-LAH58,1.78764964,0.6526356,1.79914564,0.00847378536,0.00847378536,132.788001
PBL35Y,1.31884698,0.125014653,0.215794324,0.0101474939,0.0481636043,28.5517448
S-LAH53,1.91811619,0.253724399,1.39473885,0.0102147684,0.0102147684,101.938021
S-BAH27,1.68939052,0.133081013,1.41165515,0.0103598193,0.0103598193,126.515503
S-TIL27,1.31433154,0.112300168,1.413901,0.00950404477,0.00950404477,148.429972
S-LAM58,1.70984856,0.173342897,1.64833565,0.0100852127,0.0100852127,157.46852
S-LAH52,1.85390925,0.297925555,1.39382086,0.00955320687,0.00955320687,102.706848
S-LAH55V,1.97025325,0.30489414,1.39214665,0.00991088134,0.00991088134,97.7785249
PBL26Y,1.29471773,0.108880981,0.220322964,0.00986579479,0.0477568828,28.8509863
S-TIL26,1.31066488,0.0941903094,1.23292644,0.00968897812,0.00968897812,133.296422
S-BAM4,1.41059317,0.111201306,1.34148939,0.00963312192,0.00963312192,152.237696
S-LAM52,1.73442942,0.15155391,1.46225433,0.0100690928,0.0100690928,140.084396
S-LAH51,1.82586991,0.283023349,1.35964319,0.00935297152,0.00935297152,100.655798
S-NBM51,1.37023101,0.177665568,1.30515471,0.00871920342,0.00871920342,112.703058
S-LAM2,1.7713,0.19581423,1.19487834,0.00976652444,0.00976652444,110.458122
S-BAM12,1.50161605,0.126987445,1.43544052,0.00940761826,0.00940761826,141.666499
PBL1Y,1.24772961,0.101954909,0.350479619,0.00926606623,0.0451754311,45.0186705
S-TIL1,1.25088944,0.0997973327,1.20583504,0.00883921279,0.00883921279,137.414953
S-LAM61,1.7388333,0.15093743,1.12118445,0.00980244105,0.00980244105,101.214625
S-BAM3,1.36955358,0.0853825867,1.16159771,0.00941331434,0.00941331434,130.548899
S-LAH65V,1.81419034,0.361376301,1.32729484,0.00874935029,0.00874935029,91.3406898
S-LAH59,1.51372967,0.702462343,1.33600982,0.00705246901,0.00705246901,100.085908
S-TIL2,1.23401499,0.0959796833,1.20503991,0.00869507801,0.00869507801,137.953301
S-BAH10,1.59034337,0.138464579,1.21988043,0.0093273434,0.0093273434,119.251777
S-LAH64,1.83021453,0.29156359,1.28544024,0.0090482329,0.0090482329,89.3675501
S-LAM54,1.84213306,0.175468631,1.25750878,0.0094399322,0.0094399322,86.5463013
S-LAM3,1.64258713,0.23963461,1.22483026,0.0086824602,0.0086824602,116.604369
S-LAM51,1.638472,0.188330533,1.47502357,0.00904853452,0.00904853452,137.77005
S-BAH11,1.5713886,0.147869313,1.28092846,0.00910807936,0.00910807936,130.399367
S-LAM59,1.63056133,0.186994897,1.30014289,0.00899690705,0.00899690705,122.239544
S-TIL6,1.17701777,0.12795803,1.34740124,0.00771087686,0.00771087686,154.531692
PBL6Y,1.22310794,0.0811217929,0.321400939,0.00897805333,0.0445756957,40.5962247
S-LAM60,1.60673056,0.36641564,1.31761804,0.0077504614,0.0077504614,93.0720709
S-LAH66,1.39280586,0.679577094,1.38702069,0.00608475118,0.00608475118,95.8354094
S-BSM28,1.43822841,0.128100017,1.3435553,0.0085977975,0.0085977975,143.70989
S-LAL10,1.52812575,0.367965267,1.11751784,0.00776817644,0.00776817644,88.86974
S-LAL56,1.54052,0.217748704,1.30456122,0.00826765101,0.00826765101,124.527479
S-BAL2,1.30923813,0.114137353,1.17882259,0.00838873953,0.00838873953,140.257892
S-LAL58,1.06368789,0.744939067,1.59178942,0.018519964,0.018519964,156.636025
S-BSM25,1.34814257,0.347530319,1.38798368,0.00695364366,0.00695364366,142.138122
S-LAL59,1.13962742,0.805227838,1.29488061,0.00493294862,0.00493294862,93.4746507
S-YGH51,1.0828017,0.933988681,1.32367286,0.018115636,0.018115636,91.0353195
S-NSL36,1.09666153,0.168990073,1.20580827,0.00667491123,0.00667491123,141.668738
S-LAL61,1.11073292,0.859347773,1.26707433,0.00464181248,0.00464181248,87.3917698
S-BAL3,1.2936689,0.132440252,1.10197293,0.00800367962,0.00800367962,134.517431
S-BSM71,1.50847885,0.158099826,1.36815368,0.00812769076,0.00812769076,136.110038
S-BSM22,1.44305741,0.140786358,1.26093951,0.0081920891,0.0081920891,131.959337
S-LAL13,0.980071267,0.832904776,1.28111995,0.00389123698,0.00389123698,98.9052676
S-LAL8,1.30663291,0.571377253,1.24303605,0.00611862448,0.00611862448,90.6285686
S-LAL18,1.50276318,0.430224497,1.3472606,0.0145462356,0.0145462356,93.3508342
S-LAL9,1.16195687,0.644860099,1.25062221,0.0159659509,0.0159659509,93.8284169
S-BSM9,1.37020077,0.189397267,1.24202324,0.00757631457,0.00757631457,131.350111
S-LAL12,0.992053895,0.771377731,1.18296264,0.0167095063,0.0167095063,105.90108
S-BSM18,0.927886025,0.708858526,1.18610897,0.00417549199,0.00417549199,122.210416
S-LAL14,1.2372097,0.589722623,1.3192188,0.015355132,0.015355132,93.7202947
S-LAL54,1.41910189,0.258416881,1.07385537,0.00726647428,0.00726647428,102.555463
S-BAL14,1.27553696,0.146083393,1.16754699,0.00749692359,0.00749692359,128.947092
S-FTL10,1.10542993,0.116184325,1.15396111,0.00669004168,0.0360840691,137.546485
S-BSM2,0.867168676,0.672848343,1.18456107,0.00369311003,0.00369311003,132.376147
S-BSM10,0.945443081,0.643237376,1.17752968,0.0157263798,0.0157263798,121.361748
S-BAL11,0.821314256,0.612586478,1.24859637,0.00351436131,0.00351436131,133.45667
S-BSM15,0.953128328,0.637613977,1.65245647,0.00387638985,0.00387638985,159.442367
S-LAL7,0.916121247,0.765948319,1.27745023,0.00395889743,0.00395889743,110.762706
BAL15Y,1.28348331,0.102800765,0.404609885,0.00790900515,0.0305971274,46.5268356
S-BSM4,0.96244308,0.595939234,1.10558352,0.00468062141,0.00468062141,115.896432
S-NSL3,0.882514764,0.389271907,1.10693448,0.00464504582,0.00464504582,136.234339
S-BAL42,1.39570615,0.071850507,1.27129267,0.0112218843,0.0112218843,134.49786
S-BAL12,0.714605258,0.621993289,1.22537681,0.00301763913,0.00301763913,143.506314
S-NSL5,1.04574577,0.239613026,1.1590685,0.0058523228,0.0058523228,131.329061
S-BSM81,0.996356844,0.651392837,1.22432622,0.0144821587,0.0144821587,89.9818604
S-BSM16,1.14490383,0.439563911,1.27688079,0.0137034916,0.0137034916,119.535585
BSM51Y,1.22393171,0.306482383,0.823950901,0.00649521083,0.0208194161,79.5168951
S-BAL41,1.243442,0.166301104,1.10586114,0.0116396708,0.0116396708,114.11122
S-BSM14,1.2828627,0.247647429,1.10383999,0.0122902399,0.0122902399,106.883378
S-BAL35,0.941357273,0.546174895,1.16168917,0.0140333996,0.0140333996,114.163758
BAL35Y,1.26231429,0.22515421,0.639119345,0.00695586355,0.0221310699,63.1662736
S-PHM52,1.0996655,0.478125422,1.13214074,0.0132718559,0.0132718559,130.595472
S-BSL7,1.1515019,0.118583612,1.26301359,0.010598413,0.010598413,129.617662
BSL7Y,1.13329383,0.136897201,0.703456004,0.00669407868,0.023739176,70.7030316
S-PHM53,1.09775423,0.434816432,1.13894976,0.01233694,0.01233694,124.276984
S-FPM2,0.761242785,0.747033375,0.938928947,0.00321174095,0.00321174095,139.52353
S-FSL5,1.17447043,0.0140056154,1.19272435,0.00841855181,0.00841855181,129.599726
S-FSL5Y,0.977409944,0.210950834,1.37142848,0.00557649364,0.0177000313,149.211443
S-FPM3,0.809407286,0.527007033,0.909127704,0.00376072389,0.0135654895,142.503612
S-FPL51Y,1.14031443,0.0771496272,1.43721957,0.00595466872,0.0223953953,274.290057
S-FPL51,1.17010505,0.0475710783,0.763832445,0.00616203924,0.00616203924,141.882642
S-FPL53,0.983532327,0.069568814,1.11409238,0.00492234955,0.00492234955,264.275294
E-FDS3,4.1120387,-0.01822767,0.089852105,0.00787144,-0.00052228008,0.00011773061
FDS18,3.563784,-0.025449644,0.058401659,0.0092310983,-0.00095499727,0.00011777456
M-FDS2,3.771581,-0.020445364,0.063942579,0.008354547,-0.00082031984,0.00010279507
E-FDS2,3.7672603,-0.017001227,0.069849634,0.0063862892,-0.00050812539,0.000084455529
E-FDS1,3.5044639,-0.020333833,0.0538027,0.0062874192,-0.00056922176,0.000073559387
M-FDS1,3.4984224,-0.01689542,0.057567078,0.0051693668,-0.0003996631,0.000062368582
FDS90,3.2606321,-0.017780398,0.040902938,0.0056076934,-0.00056434039,0.000054763391
FDS90-SG,3.2606321,-0.017780398,0.040902938,0.0056076934,-0.00056434039,0.000054763391
FDS24,3.5126327,-0.0153015,0.053936061,0.0034949369,-0.00017950295,0.000034403181
M-FDS910,3.165987,-0.01349196,0.04649918,0.002471413,-0.00008659596,0.00002725927
FF8,2.9564361,-0.019762195,0.029878823,0.0051830852,-0.00054202389,0.000048463245
TAFD40,3.8106232,-0.016351565,0.058801097,0.0034919026,-0.0001694811,0.000032569333
FD60,3.1171483,-0.011616277,0.044864975,0.0016588491,0.000025716854,0.000014757657
FD60-W,3.1171483,-0.011616277,0.044864975,0.0016588491,0.000025716854,0.000014757657
FD110,3.0534415,-0.01275181,0.040609369,0.0022706109,-0.000078086606,0.000019874026
FD140,2.9851294,-0.014237988,0.035496437,0.0028457557,-0.00019006799,0.000024309252
E-FD4,2.9673173,-0.013989565,0.03345668,0.0030717804,-0.00026682435,0.000028950241
E-FD13,2.9205906,-0.013681618,0.03256776,0.0028725519,-0.00024277107,0.000026614514
E-FD10,2.881518,-0.013228312,0.03145559,0.0026851666,-0.00022577544,0.000024693268
TAFD55,3.8317578,-0.015266397,0.054573843,0.0023109346,-0.000044476201,0.000016143887
E-FD1,2.8508499,-0.01323461,0.029415325,0.0025542666,-0.00021232133,0.000022261936
E-FD15,2.7919943,-0.012311206,0.028802741,0.0021430059,-0.00016932119,0.000019741766
M-FD80,2.761638,-0.01132633,0.02865346,0.001529038,-0.00008743577,0.00001496579
E-FD8,2.7617586,-0.011254039,0.028221737,0.0017540315,-0.00012127053,0.000015522384
TAFD25,3.4905528,-0.016325771,0.041146322,0.0027169124,-0.00018260518,0.000020641862
E-FD5,2.7135839,-0.011419719,0.026133708,0.0017576479,-0.00013307737,0.000015203351
TAFD45,3.672962,-0.0151805,0.0457187,0.002186221,-0.0000993742,0.00001490466
NBFD15,3.1540011,-0.013256753,0.034103312,0.0018472167,-0.00010807332,0.000012975901
NBFD15-W,3.1540011,-0.013256753,0.034103312,0.0018472167,-0.00010807332,0.000012975901
E-FD2,2.6399644,-0.011645718,0.023061733,0.0017348219,-0.00013986059,0.00001391667
TAFD35,3.5274747,-0.014839948,0.039745402,0.001803472,-0.000089279334,0.000011377783
FF5,2.4743324,-0.010955338,0.019293801,0.0014497732,-0.00011038744,0.000011136008
E-F2,2.5561822,-0.010237038,0.022470348,0.00084580679,-0.000033087089,0.0000071054919
M-TAFD307,3.4286062,-0.013845333,0.037363009,0.0011894554,-0.000015979979,0.0000051827398
NBFD10,3.2615573,-0.014542851,0.033470739,0.0012266479,-0.000025391842,0.0000055971739
M-NBFD10,3.264623,-0.01581977,0.03225894,0.001709312,-0.0001081957,0.00001058323
TAFD37,3.4943369,-0.013647624,0.03883317,0.0011132555,-0.000007402237,0.0000053027754
E-F5,2.5095673,-0.010862661,0.019894774,0.0010137134,-0.000062697117,0.0000075080045
BAFD8,2.8863236,-0.009802724,0.027654256,0.00089006367,-0.000036309109,0.0000076181062
NBFD3,3.1633746,-0.01327628,0.031133309,0.0008352338,0.0000029980499,0.0000025568853
M-TAFD305,3.327184,-0.01343242,0.033398,0.001006047,-0.00002136908,0.000003972561
TAFD33,3.4316955,-0.013156273,0.035631862,0.00091378109,-0.0000040366886,0.0000033867688
M-LAF81,2.9167886,-0.012398199,0.026675237,0.00065190504,0.0000046956175,0.000002691054
M-NBFD130,3.173794,-0.01498658,0.02906741,0.001204829,-0.00005355158,0.00000527135
NBFD13,3.1729223,-0.014248534,0.029168114,0.001342876,-0.000096178753,0.0000084042556
TAFD30,3.4419038,-0.014175245,0.03435104,0.0011752271,-0.000039010343,0.0000037417054
E-FL5,2.4465754,-0.010107041,0.017759132,0.00087970259,-0.000057014929,0.0000060924663
BAFD7,2.8217211,-0.0097265483,0.024345979,0.00078406305,-0.000022431497,0.0000046726029
M-TAFD51,3.227682,-0.01453816,0.0292121,0.001057062,-0.00004787162,0.000004557239
TAFD5F,3.275546,-0.014470354,0.030922062,0.00073289981,0.0000046573307,0.0000018242746
E-FL6,2.4079653,-0.011135638,0.015704715,0.00099186507,-0.000079934653,0.0000070985473
NBFD11,3.1010267,-0.010022108,0.032631687,-0.00081029268,0.0001935011,-0.0000080279799
LAF2,2.9657374,-0.0096571624,0.026024525,0.00036684641,0.000028205551,-0.00000013739929
M-TAF31,3.164358,-0.01403321,0.02767034,0.0006403025,-0.000006349234,0.000001615744
E-FEL1,2.3534484,-0.010330438,0.014097325,0.00087167875,-0.00006998197,0.0000057867359
TAF3,3.1743707,-0.014110466,0.028862637,0.00003355949,0.000080422109,-0.0000028956744
E-FEL2,2.3317983,-0.0097042192,0.014032761,0.00064822896,-0.000040813761,0.0000039064873
M-TAF401,3.07279,-0.01366385,0.02527346,0.000612182,-0.00001147045,0.000001543
NBF1,2.9753491,-0.01461347,0.021096383,0.001198038,-0.00011887388,0.000007344435
M-TAF101,3.05615,-0.0138471,0.02431126,0.0004980027,-0.000007318676,0.00000124041
M-NBF1,2.975245,-0.01425016,0.02140074,0.0009755337,-0.0000697953,0.000004114924
M-TAF1,3.070806,-0.012276924,0.02456566,0.00047436648,0.0000005432616,0.00000065976661
M-TAF105,3.0705638,-0.013310234,0.025280355,0.00021829234,0.000032555293,-0.00000081300421
TAF1,3.0736378,-0.015501284,0.023627699,0.00066300852,-0.000028353438,0.0000022090799
BACED5,2.6934245,-0.008637014,0.02049645,-0.000093205453,0.000062709747,-0.0000020834652
M-TAC60,3.017866,-0.015790934,0.021144702,0.00093137389,-0.000069379914,0.00000402762
E-CF6,2.2668912,-0.0093866212,0.012174195,0.0005076903,-0.000033573414,0.0000029059013
M-LAC130,2.813412,-0.01332448,0.01927865,0.0004124452,-0.000009940432,0.0000009622024
M-LAC8,2.8817481,-0.015730804,0.017690493,0.001052669,-0.00009909308,0.0000055248378
LAC8,2.8778537,-0.013832906,0.020301185,0.00027759871,0.000005905983,0.00000017747647
M-TAC80,2.9351948,-0.016193458,0.018392287,0.0010086167,-0.000087565474,0.0000046921333
TAC8,2.9324178,-0.014603156,0.021121636,0.000048240144,0.000049669475,-0.0000024904491
BACD18,2.6365277,-0.0097558464,0.017143665,0.00022592497,0.0000030855342,0.00000045831917
LAC14,2.8255229,-0.013632902,0.019791402,0.000015032564,0.000040761368,-0.0000017527267
M-LAC14,2.8278386,-0.014773939,0.018211733,0.00049311964,-0.000025486886,0.0000016795487
BAC4,2.4196645,-0.0083329314,0.01539739,-0.00017391654,0.00006218322,-0.000003062131
M-BACD15,2.590919,-0.01259476,0.01520205,0.000299998,-0.00001131547,0.000000915464
E-C3,2.2725452,-0.008410491,0.011306843,0.00037782297,-0.000026903423,0.0000015976489
M-BACD12,2.468781,-0.01062639,0.01325184,0.0004048612,-0.00002974799,0.000001825884
BACD16,2.5859898,-0.011940432,0.013995502,0.00048974502,-0.000039120717,0.0000022611915
BACD14,2.5335256,-0.011903338,0.012257249,0.00079172149,-0.000077381829,0.0000039935441
M-BACD5N,2.48951,-0.01224496,0.01294262,0.0003490449,-0.00001777228,0.0000009113719
BACD5,2.4861499,-0.0095684845,0.014685059,-0.00011216487,0.000041978777,-0.000001885619
PCD4,2.5807045,-0.010957538,0.01268943,0.00066387812,-0.000064849664,0.0000034787863
M-PCD4,2.582335,-0.009952039,0.01329184,0.0004550621,-0.00003327132,0.000001730172
BSC7,2.2702566,-0.0091988101,0.011609706,-0.000076123911,0.000028558727,-0.0000012566486
PCD51,2.5046638,-0.010149448,0.012653769,0.00016566642,0.00000053871747,0.00000005584093
FCD505,2.502355,-0.0072080042,0.012012743,0.00034920842,-0.000024729676,0.0000013801567
FCD515,2.502355,-0.0072080042,0.012012743,0.00034920842,-0.000024729676,0.0000013801567
FC5,2.1894054,-0.0099044908,0.008640337,0.00022263067,-0.000012291942,0.00000059386349
M-FCD500,2.3841554,-0.0078084423,0.0097130883,0.00049959889,-0.000047303224,0.0000023205441
FCD1,2.2181132,-0.005799427,0.0083470679,0.000065046523,0.0000085142186,-0.00000058852269
M-FCD1,2.2189068,-0.0061707065,0.0080887631,0.00013357782,0.00000019476186,-0.00000022577804
FCD100,2.0482157,-0.0043211222,0.0061826755,0.00003141148,0.0000035370793,-0.00000016694497